email,alternative_phone
alex_binger@gmail.com,+4796404796
bailey_walekhwa@yahoo.com,+4796534860
cameron_leo@outlook.com,+4796905990
dakota_hlongwane@hotmail.com,+4796418857
elliot_kedibone@aol.com,+4796380883
finley_hansen@icloud.com,+4796473814
gabriel_johansen@protonmail.com,+4796181900
harper_olsen@zoho.com,+4796345969
isaac_larsen@gmx.com,+4796818992
jordan_jensen@yandex.com,+4796729984
kendall_de vries@mail.com,+4796418785
logan_eliassen@tutanota.com,+4796413809
morgan_knudsen@fastmail.com,+4796380773
noah_myklebust@hushmail.com,+4796292719
olivia_rossi@lycos.com,+4796845980
parker_eide@inbox.com,+4796894723
quinn_andresen@rediffmail.com,+4796929860
riley_eliassen@mailfence.com,+4796534704
sawyer_kristiansen@runbox.com,+4796290731
taylor_mikkelsen@posteo.com,+4796445758
avery_birkeland@startmail.com,+4796884836
blake_isaksen@naver.com,+4796355955
casey_berg@qq.com,+4796840704
emerson_ahmed@126.com,+4796543937
frankie_brekke@sina.com,+4796450990
grayson_bakken@yeah.com,+4796832726
hadley_nakaweesi@daum.com,+4796234978
indigo_muwanguzi@seznam.com,+4796728761
jamie_nakalema@web.com,+4796832819
kai_edvardsen@bluewin.com,+4796398722
levi_pettersen@laposte.com,+4796242988
nico_abrahamsen@wp.com,+4796156762
payton_sandvik@tiscali.com,+4796499850
reagan_ellingsen@virgilio.com,+4796673713
skylar_hansen@alice.com,+4796618821
tristan_myhre@libero.com,+4796791954
wyatt_fredriksen@tin.com,+4796302975
zion_karlsen@ukr.com,+4796697741
ashley_thompson@rambler.com,+4796459856
beau_jacobsen@centrum.com,+4796291721
charlie_brekke@onet.com,+4796210989
delaney_pedersen@orange.com,+4796374731
eden_jensen@wanadoo.com,+4796835945
flynn_andresen@terra.com,+4796800745
genevieve_eide@bol.com,+4796141740
hayden_kristoffersen@uol.com,+4796125977
ivy_knutsen@ig.com,+4796795763
jasper_arnesen@gawab.com,+4796960945
kieran_ali@bigpond.com,+4796773903
liam_pedersen@shaw.com,+4796482999
mackenzie_morison@rogers.com,+4796472841
orion_okafor@xtra.com,+4796750991
paige_ruud@mailinator.com,+4796591957
rowan_lunde@airmail.com,+4796812726
sydney_olsen@safe-mail.com,+4796781715
tatum_ahmed@usa.com,+4796439720
uriah_bakke@email.com,+4796410995
vera_abrahamsen@elude.com,+4796531871
weston_narocho@vfemail.com,+4796381750
xander_berg@bigfoot.com,+4796514780
yasmin_ojiambo@iname.com,+4796319759
zoey_kubebea@netcourrier.com,+4796656700
brooke_schmidt@excite.com,+4796285935
corbin_dubois@care2.com,+4796748980
elias_janssen@btinternet.com,+4796947756
felicity_martini@ntlworld.com,+4796985863
gideon_bernard@talktalk.com,+4796492823
harlow_nielsen@sky.com,+4796865883
isla_brown@bellsouth.com,+4796493735
jude_bauer@cox.com,+4796676714
kelsey_salim@sbcglobal.com,+4796525918
kendall_andersen@parent.no,+4796839864
madison_andersen@parent.no,+4796556943
noah_chen@parent.no,+4796637770
bailey_chengo@parent.no,+4796694969
emerson_gupta@parent.no,+4796992770
grayson_gupta@parent.no,+4796745982
indigo_gurung@parent.no,+4796527866
elliot_hansen@parent.no,+4796760888
dakota_huang@parent.no,+4796642762
morgan_iyer@parent.no,+4796598882
casey_kagwa@parent.no,+4796712841
levi_kagwa@parent.no,+4796487984
hadley_kamau@parent.no,+4796322866
jordan_kariuki@parent.no,+4796527983
olivia_khadka@parent.no,+4796961929
harper_larsen@parent.no,+4796231979
logan_li@parent.no,+4796348741
quinn_liu@parent.no,+4796836965
gabriel_musoke@parent.no,+4796787999
riley_musoke@parent.no,+4796526967
kai_mutua@parent.no,+4796465891
nico_olsen@parent.no,+4796983991
cameron_olsend@parent.no,+4796321842
blake_rana@parent.no,+4796889701
taylor_rao@parent.no,+4796710826
drew_sharma@parent.no,+4796916969
sawyer_ssenyonga@parent.no,+4796770968
isaac_thapa@parent.no,+4796560827
parker_thapa@parent.no,+4796640781
oakley_thapa@parent.no,+4796526854
finley_verma@parent.no,+4796955761
alex_wamalwa@parent.no,+4796886943
avery_wang@parent.no,+4796603835
jamie_wanglee@parent.no,+4796628781
frankie_yang@parent.no,+4796675972
adam.bakker@hotmail.com,+4748385748
adnan.novak@gmail.com,+4748587832
aino.lindberg@yahoo.com,+4748847913
aleksandar.novak@example.com,+4748591780
alexandru.schneider@yahoo.com,+4748811740
alina.novak@yahoo.com,+4748526936
amina.smits@example.com,+4748973884
ana.schneider@example.com,+4748846979
anastasia.dimitrov@outlook.com,+4748484970
anders.hansen@example.com,+4748325933
andrii.petrov@yahoo.com,+4748353804
aneta.bakker@example.com,+4748927764
anna.popescu@outlook.com,+4748923920
anna.schneider@gmail.com,+4748744720
sergiu.schneider@hotmail.com,+4748181846
sigr.kowalski@gmail.com,+4748814712
annika.ivanov@gmail.com,+4748834938
antti.ivanov@gmail.com,+4748350925
aoife.lindberg@gmail.com,+4748519950
arben.schneider@gmail.com,+4748623791
arjan.jensen@yahoo.com,+4748474793
arthur.andersen@outlook.com,+4748414904
beatriz.andersen@example.com,+4748478923
bence.lindberg@outlook.com,+4748290880
boban.dubois@example.com,+4748684992
bram.jensen@yahoo.com,+4748686776
camilla.kowalski@outlook.com,+4748567864
camille.bakker@gmail.com,+4748627967
carlos.smits@yahoo.com,+4748409741
carmen.smits@hotmail.com,+4748988944
cian.ivanov@yahoo.com,+4748572821
clara.andersen@gmail.com,+4748325724
dmitry.kowalski@gmail.com,+4748140740
donika.ivanov@example.com,+4748363953
edgars.popescu@yahoo.com,+4748282748
ekaterina.bakker@yahoo.com,+4748406745
elena.lindberg@yahoo.com,+4748726809
eleni.kowalski@hotmail.com,+4748727739
sophie.petrov@hotmail.com,+4748942801
sophie.kowalski@example.com,+4748974743
sophie.johansson@example.com,+4748413730
stefan.ivanov@yahoo.com,+4748550937
stefan.jensen@gmail.com,+4748687769
tanel.ivanov@outlook.com,+4748258916
tereza.dubois@gmail.com,+4748850987
elise.rossi@yahoo.com,+4748198827
elza.petrov@outlook.com,+4748962961
emir.novak@yahoo.com,+4748880744
emma.schneider@hotmail.com,+4748625811
erik.petrov@gmail.com,+4748257902
fabian.smits@example.com,+4748954700
finn.ivanov@hotmail.com,+4748245981
florian.popescu@outlook.com,+4748303924
gabriel.petrov@gmail.com,+4748673840
xavier.andersen@outlook.com,+4748599796
georgi.andersen@outlook.com,+4748123811
georgios.smits@example.com,+4748600769
giovanni.novak@example.com,+4748249943
giulia.lindberg@gmail.com,+4748507881
haris.johansson@yahoo.com,+4748877931
ieva.jensen@outlook.com,+4748522931
ilir.smits@outlook.com,+4748841973
ioana.jensen@yahoo.com,+4748624971
ion.jensen@outlook.com,+4748493924
ivan.schneider@gmail.com,+4748718852
ivana.schneider@example.com,+4748495898
ivana.kowalski@yahoo.com,+4748696720
zuzana.johansson@yahoo.com,+4748232942
jakub.hansen@hotmail.com,+4748808731
jan.dimitrov@hotmail.com,+4748905757
javier.jensen@outlook.com,+4748218750
jelena.kowalski@example.com,+4748690799
johan.rossi@gmail.com,+4748353733
jonas.novak@hotmail.com,+4748428728
jordi.schneider@example.com,+4748865860
jovana.lindberg@gmail.com,+4748480891
julien.bakker@outlook.com,+4748180845
jussi.dimitrov@hotmail.com,+4748862718
kacper.ivanov@hotmail.com,+4748554769
thomas.andersen@yahoo.com,+4748629787
tobias.popescu@gmail.com,+4748465835
tom.popescu@outlook.com,+4748898720
kristijan.dubois@yahoo.com,+4748250921
laia.popescu@gmail.com,+4748493869
laima.andersen@yahoo.com,+4748476937
lara.hansen@gmail.com,+4748904717
leon.smits@example.com,+4748464863
lili.johansson@gmail.com,+4748227729
lirim.rossi@hotmail.com,+4748722774
lotte.dimitrov@example.com,+4748587779
luca.kowalski@hotmail.com,+4748947938
lucas.hansen@example.com,+4748172702
lucia.petrov@hotmail.com,+4748767876
vanessa.popescu@hotmail.com,+4748721948
vjollca.popescu@hotmail.com,+4748161978
luka.bakker@yahoo.com,+4748393826
lukas.kowalski@gmail.com,+4748708746
maksym.andersen@outlook.com,+4748638950
manon.ivanov@example.com,+4748413925
marc.rossi@yahoo.com,+4748445826
maria.jensen@hotmail.com,+4748517777
maria.andersen@hotmail.com,+4748282818
maria.popescu@hotmail.com,+4748330868
marko.jensen@yahoo.com,+4748429808
mart.rossi@outlook.com,+4748930789
martin.novak@hotmail.com,+4748184940
matilde.ivanov@hotmail.com,+4748824966
max.jensen@example.com,+4748142824
maximilian.popescu@example.com,+4748266775
mia.dubois@example.com,+4748260862
milan.hansen@example.com,+4748805734
milica.popescu@example.com,+4748921943
mireia.rossi@gmail.com,+4748263913
natalia.hansen@gmail.com,+4748334950
natalia.schneider@gmail.com,+4748748924
nemanja.lindberg@example.com,+4748675724
nik.schneider@outlook.com,+4748658968
nika.andersen@gmail.com,+4748257872
nikola.kowalski@outlook.com,+4748849940
noah.popescu@example.com,+4748348702
oleksandr.lindberg@gmail.com,+4748914856
ornela.petrov@gmail.com,+4748825958
paul.ivanov@gmail.com,+4748788980
peter.kowalski@yahoo.com,+4748684766
pierre.dimitrov@hotmail.com,+4748623770
piotr.kowalski@gmail.com,+4748166897
saoirse.popescu@example.com,+4748753819
sean.dubois@gmail.com,+4748755706
selina.ivanov@example.com,+4748216717
sergey.hansen@yahoo.com,+4748339716
dennis_elvebu@norwailmail.no,+4796410991
